{"cameraMode":{"drawMode":0,"name":"Shaded","section":"Shading Mode"},"sceneLighting":false,"audioPlay":false,"sceneViewState":{"showFog":true,"showMaterialUpdate":false,"showSkybox":false,"showFlares":true,"showImageEffects":true,"showParticleSystems":true,"showVisualEffectGraphs":true,"m_FxEnabled":true},"in2DMode":false,"pivot":{"x":464.5284729003906,"y":416.99481201171877,"z":-14.106710433959961},"rotation":{"x":-0.0055581023916602139,"y":0.2143169790506363,"z":0.001219940255396068,"w":0.9767488241195679},"size":0.8660253882408142,"orthographic":false}