{"cameraMode":{"drawMode":0,"name":"Shaded","section":"Shading Mode"},"sceneLighting":true,"audioPlay":false,"sceneViewState":{"showFog":true,"showMaterialUpdate":false,"showSkybox":true,"showFlares":true,"showImageEffects":true,"showParticleSystems":true,"showVisualEffectGraphs":true,"m_FxEnabled":true},"in2DMode":false,"pivot":{"x":24.54212188720703,"y":11.240050315856934,"z":-23.666582107543947},"rotation":{"x":-0.0055581023916602139,"y":0.2143169790506363,"z":0.001219940255396068,"w":0.9767488241195679},"size":13.859901428222657,"orthographic":false}